student_id,name,department,year,attendance_percent,cgpa,internal_marks_avg,assignment_submission_rate,backlogs,lms_engagement_score,socio_economic_proxy,dropout_risk_label
STU0001,David Martin,Data Science,4,61.5,6.12,46.7,49.0,1,53.2,Low,High
STU0002,Daniel Hernandez,Electrical Eng,2,66.0,6.05,54.9,68.4,1,51.9,Low,High
STU0003,Jessica Miller,Mechanical Eng,1,71.1,6.0,44.1,59.7,0,63.2,Low,High
STU0004,Charles Hernandez,Civil Eng,2,74.7,8.03,78.9,71.9,0,65.8,Medium,Low
STU0005,Robert Brown,Electrical Eng,3,90.1,8.35,77.4,93.6,0,68.5,High,Low
STU0006,Jessica Williams,Mechanical Eng,1,83.3,8.56,74.7,88.9,0,71.5,Medium,Low
STU0007,Jane Lopez,Mechanical Eng,2,67.2,5.74,55.2,71.9,0,51.1,Low,High
STU0008,Sarah Johnson,Computer Science,2,81.9,7.88,71.2,84.2,0,63.4,Medium,Low
STU0009,John Lopez,Civil Eng,4,64.5,6.34,62.5,56.6,0,61.1,Low,High
STU0010,Olivia Taylor,Computer Science,1,96.5,9.32,92.1,100.0,0,81.3,Low,Low
STU0011,Emma Thomas,Data Science,2,77.8,6.89,62.0,70.1,0,62.9,Medium,Medium
STU0012,Daniel Anderson,Computer Science,2,74.2,6.9,64.4,81.8,0,73.7,Medium,Medium
STU0013,Charles Lopez,Computer Science,2,93.6,8.11,78.1,98.0,0,73.2,Medium,Low
STU0014,Amelia Williams,Electrical Eng,2,63.8,6.4,53.8,73.3,1,67.5,High,Medium
STU0015,Michael Jackson,Business Admin,2,90.3,8.62,82.9,90.4,0,87.9,Medium,Low
STU0016,David Rodriguez,Mechanical Eng,3,93.0,9.73,85.2,87.3,1,79.9,Medium,Low
STU0017,David Moore,Civil Eng,3,87.0,8.42,82.9,77.9,0,75.2,High,Low
STU0018,Emily Wilson,Computer Science,2,95.1,9.1,84.3,86.9,0,79.5,Medium,Low
STU0019,Mia Rodriguez,Civil Eng,4,65.5,4.68,37.3,54.0,2,49.3,Low,High
STU0020,Jane Martin,Business Admin,2,82.0,6.91,62.8,88.6,0,59.4,High,Low
STU0021,Daniel Miller,Business Admin,2,81.4,8.12,74.4,88.9,0,62.1,Low,Medium
STU0022,Olivia Davis,Computer Science,1,62.0,5.98,62.1,65.8,2,54.0,Medium,High
STU0023,Daniel Williams,Data Science,4,85.3,8.26,79.3,85.1,0,65.9,Medium,Low
STU0024,Sophia Taylor,Computer Science,1,92.4,8.95,80.2,100.0,0,92.7,Medium,Low
STU0025,Emily Moore,Electrical Eng,1,65.2,5.32,58.8,64.5,1,35.3,Medium,High
STU0026,Jessica Brown,Mechanical Eng,1,54.9,6.06,60.7,56.4,1,52.0,Medium,High
STU0027,Jane Garcia,Data Science,2,93.2,8.45,78.6,92.8,1,85.1,Low,Low
STU0028,Emma Brown,Computer Science,1,88.2,7.97,68.0,85.8,0,85.7,Low,Low
STU0029,Mia Lopez,Civil Eng,1,84.8,8.21,75.9,89.2,0,84.9,Medium,Low
STU0030,Jane Martinez,Data Science,1,85.0,7.63,71.4,80.6,0,70.6,Medium,Low
STU0031,Emily Wilson,Data Science,1,92.0,8.19,79.6,87.1,0,80.0,Low,Low
STU0032,Isabella Anderson,Computer Science,2,91.4,8.9,87.6,96.2,0,89.1,High,Low
STU0033,Jessica Wilson,Data Science,3,66.2,6.84,69.0,62.7,0,55.9,Medium,Medium
STU0034,Jessica Thomas,Civil Eng,2,71.2,6.62,54.9,72.2,0,67.7,High,Medium
STU0035,William Moore,Business Admin,2,83.2,7.47,72.0,80.8,0,58.7,Medium,Low
STU0036,Daniel Gonzalez,Data Science,3,84.9,7.79,73.2,84.8,1,77.6,Medium,Medium
STU0037,James Anderson,Business Admin,1,71.3,6.42,74.4,66.6,0,51.3,Medium,Medium
STU0038,William Smith,Civil Eng,1,81.8,7.4,70.6,77.3,0,79.8,High,Low
STU0039,David Rodriguez,Computer Science,4,88.5,7.43,67.4,82.7,0,82.1,Low,Medium
STU0040,John Lopez,Mechanical Eng,2,86.0,7.86,75.3,91.9,0,59.9,Medium,Low
STU0041,Jessica Hernandez,Data Science,1,75.7,7.26,69.0,76.9,1,67.2,Low,Medium
STU0042,Charles Taylor,Mechanical Eng,2,56.6,5.02,37.8,63.0,1,39.7,Medium,High
STU0043,Jessica Williams,Civil Eng,1,71.5,6.84,67.0,78.6,0,64.8,Medium,Medium
STU0044,Alex Smith,Data Science,2,67.1,5.52,50.9,63.8,1,56.6,High,High
STU0045,Michael Martinez,Business Admin,1,96.5,9.41,89.2,100.0,0,77.3,High,Low
STU0046,David Rodriguez,Electrical Eng,1,75.3,6.23,54.8,75.2,1,71.5,Low,High
STU0047,David Rodriguez,Mechanical Eng,1,70.3,6.55,56.7,69.2,0,60.7,Low,Medium
STU0048,Jessica Lopez,Data Science,4,84.8,7.66,77.2,93.6,1,71.9,Medium,Low
STU0049,Jane Smith,Mechanical Eng,3,97.1,10.0,100.0,100.0,0,88.9,Medium,Low
STU0050,Isabella Jones,Data Science,1,89.9,8.12,79.2,87.5,1,84.7,Low,Medium
STU0051,Alex Lopez,Computer Science,1,75.8,7.46,61.9,79.3,0,79.6,Medium,Medium
STU0052,Jessica Williams,Business Admin,3,62.5,4.42,44.4,53.6,1,53.7,Medium,High
STU0053,John Williams,Mechanical Eng,1,100.0,9.73,83.4,100.0,0,83.8,High,Low
STU0054,Michael Anderson,Electrical Eng,1,73.1,6.47,58.2,62.6,1,54.4,Low,High
STU0055,Sophia Williams,Electrical Eng,4,100.0,8.44,84.5,93.1,0,81.9,Medium,Low
STU0056,John Jones,Civil Eng,1,72.5,6.73,67.2,76.6,1,53.3,Medium,Medium
STU0057,Sophia Miller,Data Science,3,91.2,8.05,78.7,72.5,1,84.4,Medium,Low
STU0058,James Anderson,Mechanical Eng,4,93.8,9.38,95.7,100.0,1,100.0,Medium,Low
STU0059,Daniel Martinez,Civil Eng,2,90.7,9.06,88.9,96.6,0,89.7,Medium,Low
STU0060,William Jackson,Mechanical Eng,1,93.5,8.8,73.5,80.7,0,87.3,Low,Low
STU0061,David Taylor,Data Science,1,81.8,8.1,75.1,98.6,0,74.3,High,Low
STU0062,Amelia Brown,Electrical Eng,3,80.0,7.29,69.1,98.7,0,81.2,Medium,Low
STU0063,Michael Miller,Computer Science,4,81.6,8.25,77.6,80.3,0,78.8,Low,Low
STU0064,William Anderson,Electrical Eng,3,75.0,6.64,59.9,68.5,0,72.3,Medium,Medium
STU0065,Robert Brown,Civil Eng,1,100.0,10.0,89.8,100.0,0,95.5,Low,Low
STU0066,William Miller,Business Admin,3,71.3,6.19,70.8,68.9,0,65.8,Low,Medium
STU0067,Charles Johnson,Computer Science,4,92.9,8.46,78.4,94.0,1,88.2,High,Low
STU0068,Emma Gonzalez,Civil Eng,2,85.9,8.49,92.4,94.4,0,77.1,Medium,Low
STU0069,Sarah Lopez,Data Science,4,81.8,7.7,67.4,80.7,0,70.8,Medium,Low
STU0070,Olivia Martin,Computer Science,3,97.6,10.0,98.3,95.9,1,87.8,Medium,Low
STU0071,Robert Miller,Civil Eng,3,82.4,8.2,79.1,73.5,0,84.5,Medium,Low
STU0072,John Smith,Data Science,2,69.7,6.87,60.6,65.3,1,60.2,Low,High
STU0073,Amelia Gonzalez,Electrical Eng,1,84.7,7.69,70.7,82.9,0,70.3,Medium,Low
STU0074,James Williams,Business Admin,1,80.2,7.71,73.1,71.6,0,61.1,High,Low
STU0075,David Garcia,Data Science,2,82.2,8.75,78.9,74.2,0,78.9,Medium,Low
STU0076,Jessica Rodriguez,Mechanical Eng,1,87.8,8.69,81.3,88.0,0,79.3,Medium,Low
STU0077,Michael Smith,Data Science,4,68.7,5.83,43.6,55.7,0,52.4,Medium,High
STU0078,Charles Martinez,Data Science,4,94.4,9.08,89.8,88.2,0,76.9,High,Low
STU0079,Olivia Anderson,Business Admin,3,76.3,7.58,78.1,89.9,0,73.9,Medium,Low
STU0080,James Martin,Mechanical Eng,1,88.6,9.36,91.2,86.2,1,75.6,Medium,Low
STU0081,Joseph Taylor,Civil Eng,1,79.1,7.82,85.6,75.8,0,70.6,Medium,Low
STU0082,Amelia Lopez,Civil Eng,1,77.0,7.43,74.0,74.6,0,73.3,Low,Medium
STU0083,David Johnson,Data Science,3,79.7,7.73,79.1,77.3,0,72.8,Low,Medium
STU0084,Alex Taylor,Mechanical Eng,3,71.1,6.35,66.5,75.1,0,62.9,Medium,Medium
STU0085,Michael Taylor,Mechanical Eng,4,81.2,7.62,58.6,84.7,0,67.5,Low,Medium
STU0086,Joseph Taylor,Business Admin,2,100.0,10.0,97.1,97.3,1,93.8,Medium,Low
STU0087,Jane Johnson,Electrical Eng,4,70.8,6.17,51.7,69.3,1,46.8,High,Medium
STU0088,Michael Smith,Civil Eng,4,66.0,6.39,54.8,75.2,0,66.8,Medium,Medium
STU0089,John Jackson,Business Admin,1,76.1,6.62,57.9,65.5,0,44.9,Medium,Medium
STU0090,Jane Lopez,Computer Science,4,82.6,7.67,71.3,82.2,0,75.7,Medium,Low
STU0091,Sarah Brown,Civil Eng,2,54.3,4.2,43.1,55.2,2,52.1,Medium,High
STU0092,Robert Taylor,Business Admin,1,56.8,5.25,52.0,51.3,1,47.9,Low,High
STU0093,Sarah Jones,Civil Eng,2,84.5,7.95,75.5,83.6,0,68.9,Medium,Low
STU0094,Amelia Johnson,Electrical Eng,1,71.3,5.05,51.6,64.9,1,48.5,Medium,High
STU0095,Sarah Hernandez,Computer Science,2,52.9,4.85,50.0,57.4,1,54.8,Medium,High
STU0096,Isabella Thomas,Electrical Eng,2,57.8,5.47,54.2,48.5,1,58.7,Medium,High
STU0097,John Rodriguez,Computer Science,2,75.5,6.37,51.9,83.0,0,51.0,Medium,Medium
STU0098,Sarah Thomas,Data Science,2,88.7,8.8,79.9,88.2,0,86.4,Medium,Low
STU0099,Alex Martin,Business Admin,2,95.0,8.82,83.9,91.8,1,97.9,Medium,Low
STU0100,Emily Jackson,Computer Science,2,100.0,10.0,98.7,93.0,0,100.0,Low,Low
STU0101,Alex Jackson,Electrical Eng,2,100.0,10.0,88.4,100.0,0,94.2,Medium,Low
STU0102,Amelia Miller,Civil Eng,2,89.5,9.01,85.5,84.9,0,99.9,Low,Low
STU0103,Amelia Rodriguez,Computer Science,1,90.1,9.17,79.2,82.0,2,86.1,Low,Medium
STU0104,John Davis,Business Admin,2,86.9,7.93,80.5,94.2,2,73.8,Low,Medium
STU0105,David Moore,Computer Science,1,87.2,8.59,82.8,80.9,1,79.8,Medium,Low
STU0106,Jessica Smith,Mechanical Eng,2,100.0,10.0,88.3,99.3,0,100.0,Medium,Low
STU0107,Robert Moore,Civil Eng,3,85.2,7.63,65.7,91.0,0,72.9,Medium,Low
STU0108,Emma Williams,Business Admin,2,91.4,9.66,93.7,92.5,0,88.8,Medium,Low
STU0109,David Thomas,Business Admin,2,76.8,6.61,69.7,88.9,0,63.6,Medium,Medium
STU0110,Isabella Martin,Data Science,4,73.8,5.67,48.4,67.9,0,57.0,Low,High
STU0111,Joseph Johnson,Electrical Eng,3,82.0,7.67,76.8,80.5,0,71.3,High,Low
STU0112,John Thomas,Data Science,4,88.2,8.34,76.5,87.3,0,69.9,Medium,Low
STU0113,Olivia Jones,Business Admin,3,66.0,5.6,57.4,70.3,0,51.9,Medium,Medium
STU0114,Michael Rodriguez,Civil Eng,1,100.0,10.0,98.4,100.0,0,100.0,Medium,Low
STU0115,James Williams,Computer Science,1,81.2,7.69,73.8,81.7,0,66.8,Low,Medium
STU0116,Charles Thomas,Computer Science,2,68.3,7.16,58.8,67.4,1,63.4,Medium,Medium
STU0117,Isabella Williams,Civil Eng,1,91.3,8.02,79.6,81.0,0,79.0,Medium,Low
STU0118,Amelia Smith,Business Admin,2,78.0,7.18,70.7,78.8,0,82.0,High,Low
STU0119,Amelia Hernandez,Computer Science,2,83.5,7.95,77.6,78.9,0,73.3,Low,Medium
STU0120,Joseph Davis,Computer Science,2,64.5,5.11,49.5,68.8,1,49.7,Medium,High
STU0121,Emily Garcia,Computer Science,3,100.0,9.33,84.2,97.1,0,91.3,Medium,Low
STU0122,Jessica Martin,Electrical Eng,3,97.7,10.0,100.0,96.0,0,73.5,Low,Low
STU0123,Alex Thomas,Electrical Eng,2,94.4,9.31,92.9,84.2,0,82.9,Medium,Low
STU0124,Alex Moore,Mechanical Eng,3,85.0,7.14,62.5,72.3,0,81.0,Medium,Medium
STU0125,Sophia Moore,Data Science,2,85.9,9.1,93.1,98.9,2,86.8,High,Low
STU0126,Jane Williams,Civil Eng,4,70.9,5.95,57.2,71.8,1,63.7,Medium,Medium
STU0127,Isabella Rodriguez,Civil Eng,1,98.1,8.92,85.4,100.0,0,81.1,Medium,Low
STU0128,Emily Smith,Civil Eng,4,86.8,7.86,73.8,80.4,0,57.8,High,Low
STU0129,Emily Smith,Mechanical Eng,3,75.5,6.58,62.2,81.6,1,54.9,High,Medium
STU0130,Sophia Thomas,Electrical Eng,2,94.1,8.65,89.1,98.9,0,76.0,Low,Low
STU0131,Amelia Davis,Business Admin,1,94.9,8.63,87.2,89.3,0,88.6,Medium,Low
STU0132,David Williams,Business Admin,2,75.3,7.46,75.9,67.9,0,68.1,Medium,Medium
STU0133,Joseph Smith,Mechanical Eng,1,85.5,8.03,77.2,80.3,1,90.1,High,Low
STU0134,Isabella Lopez,Business Admin,1,80.4,6.57,66.8,80.2,1,66.3,Medium,Medium
STU0135,Charles Wilson,Civil Eng,2,100.0,9.78,88.8,100.0,0,100.0,Low,Low
STU0136,Sarah Garcia,Data Science,2,66.7,5.65,56.6,67.0,1,49.2,Medium,High
STU0137,William Jackson,Computer Science,3,68.5,6.35,59.6,77.6,2,63.3,Medium,High
STU0138,Jessica Johnson,Electrical Eng,4,77.6,7.33,59.4,72.6,0,67.1,High,Medium
STU0139,John Anderson,Electrical Eng,2,97.7,8.97,77.3,90.1,0,89.3,High,Low
STU0140,John Jones,Mechanical Eng,2,100.0,9.71,89.0,100.0,0,80.3,Medium,Low
STU0141,Isabella Jackson,Electrical Eng,1,82.9,7.53,73.6,71.0,0,79.7,Low,Medium
STU0142,Emily Williams,Civil Eng,3,90.1,8.57,78.1,94.9,1,75.3,Medium,Low
STU0143,Joseph Taylor,Business Admin,2,57.5,4.46,39.4,58.2,2,29.1,Low,High
STU0144,Olivia Wilson,Civil Eng,4,73.0,6.02,61.0,70.6,0,75.5,Low,Medium
STU0145,Sarah Williams,Mechanical Eng,3,67.5,7.08,64.5,64.8,1,63.1,High,Medium
STU0146,James Jones,Civil Eng,2,85.3,9.3,95.0,91.7,0,80.2,Low,Low
STU0147,Joseph Wilson,Business Admin,1,96.0,8.33,85.0,100.0,0,78.5,Medium,Low
STU0148,Alex Smith,Data Science,4,77.2,7.75,73.8,75.5,0,68.2,High,Low
STU0149,Amelia Smith,Mechanical Eng,3,81.8,8.32,82.8,85.9,0,74.3,Medium,Low
STU0150,Alex Moore,Data Science,1,100.0,10.0,98.1,100.0,0,99.9,Medium,Low
STU0151,Emma Williams,Computer Science,1,85.1,8.0,74.8,87.5,0,72.6,High,Low
STU0152,Jessica Wilson,Data Science,3,65.5,4.87,50.6,64.1,1,52.3,Low,High
STU0153,Mia Anderson,Computer Science,1,87.1,8.22,83.1,89.7,0,86.3,Medium,Low
STU0154,Jane Martinez,Computer Science,4,80.7,7.84,69.7,73.4,0,81.4,High,Low
STU0155,Jane Taylor,Data Science,2,88.1,9.0,86.2,88.5,0,68.9,High,Low
STU0156,Jessica Smith,Mechanical Eng,1,79.3,6.09,58.6,77.6,0,63.3,Medium,Medium
STU0157,James Hernandez,Business Admin,3,76.1,6.13,62.5,73.4,0,49.6,Medium,Medium
STU0158,Isabella Miller,Civil Eng,2,72.1,7.34,67.6,60.1,0,84.1,Medium,Medium
STU0159,Emma Williams,Civil Eng,2,78.1,6.9,62.5,70.9,0,64.2,High,Medium
STU0160,Mia Gonzalez,Business Admin,1,79.8,7.31,70.3,76.4,0,62.5,High,Low
STU0161,David Brown,Computer Science,1,93.1,10.0,100.0,99.4,0,98.6,Medium,Low
STU0162,William Martin,Computer Science,2,69.7,5.47,45.9,71.7,2,46.2,Low,High
STU0163,John Davis,Mechanical Eng,2,76.4,7.34,64.6,82.9,0,71.5,Low,Medium
STU0164,Sophia Thomas,Electrical Eng,2,63.7,5.38,48.5,72.4,1,76.8,Low,High
STU0165,Sophia Lopez,Data Science,3,53.2,4.09,37.2,55.5,2,37.4,Medium,High
STU0166,Charles Anderson,Computer Science,2,86.9,7.82,65.5,87.9,1,67.6,Medium,Medium
STU0167,Jane Johnson,Civil Eng,1,80.0,6.54,69.6,73.2,0,69.5,High,Medium
STU0168,Charles Taylor,Mechanical Eng,2,81.4,7.9,74.4,95.3,0,86.6,Medium,Low
STU0169,Amelia Martinez,Data Science,4,73.9,7.27,67.6,63.9,0,72.0,Low,Medium
STU0170,Sarah Anderson,Mechanical Eng,3,67.2,5.84,63.6,68.0,0,48.3,Medium,Medium
STU0171,Robert Jones,Data Science,2,70.7,6.57,66.0,76.5,1,58.5,Medium,Medium
STU0172,John Davis,Data Science,1,95.3,9.4,86.6,100.0,0,77.9,Medium,Low
STU0173,Olivia Lopez,Business Admin,1,71.5,5.47,52.8,63.4,1,43.9,Medium,High
STU0174,Michael Miller,Computer Science,3,98.8,10.0,94.8,95.9,0,92.3,High,Low
STU0175,Emily Garcia,Mechanical Eng,4,100.0,9.24,95.0,94.4,0,80.7,High,Low
STU0176,William Martin,Mechanical Eng,3,72.4,6.92,64.9,58.6,0,69.9,Medium,Medium
STU0177,Daniel Williams,Business Admin,3,66.9,6.16,51.3,67.8,0,60.6,Low,High
STU0178,Jessica Martin,Civil Eng,3,85.7,8.39,70.3,80.6,0,79.5,Medium,Low
STU0179,Isabella Gonzalez,Civil Eng,1,74.4,7.19,75.7,84.9,0,67.7,Low,Medium
STU0180,Mia Martinez,Computer Science,2,56.0,5.02,43.7,60.3,1,43.5,Medium,High
STU0181,Charles Taylor,Computer Science,1,87.8,8.24,81.6,88.1,2,95.0,Low,Medium
STU0182,Charles Jones,Electrical Eng,1,85.1,8.34,79.6,81.8,0,79.3,Medium,Low
STU0183,James Lopez,Business Admin,4,88.3,8.56,79.3,89.1,1,74.6,Low,Medium
STU0184,John Smith,Civil Eng,2,87.1,8.03,74.9,85.3,0,89.8,Medium,Low
STU0185,Daniel Johnson,Data Science,2,81.0,6.88,73.3,81.5,1,56.7,High,Medium
STU0186,Isabella Davis,Mechanical Eng,1,97.0,8.84,76.7,100.0,0,81.2,Low,Low
STU0187,William Smith,Computer Science,1,83.7,9.23,85.7,76.2,0,100.0,Low,Low
STU0188,Isabella Miller,Mechanical Eng,1,92.7,8.46,84.9,91.6,0,76.3,Medium,Low
STU0189,Michael Williams,Mechanical Eng,1,84.5,7.58,65.6,89.4,0,76.5,High,Low
STU0190,Olivia Thomas,Electrical Eng,2,73.9,5.72,60.9,71.1,0,56.0,Low,Medium
STU0191,Charles Jones,Civil Eng,1,78.2,6.94,70.4,89.2,0,59.2,Medium,Medium
STU0192,Sophia Jones,Computer Science,2,95.6,8.73,84.2,100.0,0,76.8,Low,Low
STU0193,Daniel Taylor,Mechanical Eng,1,74.3,6.54,59.6,69.3,0,58.4,Medium,Medium
STU0194,Sophia Martin,Computer Science,1,61.2,4.72,37.8,62.6,1,61.0,Medium,High
STU0195,Michael Lopez,Data Science,1,100.0,10.0,98.5,95.1,0,100.0,Medium,Low
STU0196,Isabella Thomas,Electrical Eng,2,58.9,4.98,61.0,53.3,1,58.6,High,High
STU0197,David Brown,Data Science,3,100.0,10.0,95.7,99.0,0,100.0,Low,Low
STU0198,John Jones,Computer Science,2,63.2,6.85,56.0,72.0,0,59.3,High,Medium
STU0199,Emma Jones,Computer Science,2,79.2,7.69,75.4,84.4,0,57.2,Low,Medium
STU0200,Emily Johnson,Civil Eng,3,78.7,6.45,65.6,78.5,2,65.1,High,Medium
STU0201,Amelia Martinez,Mechanical Eng,1,89.9,7.86,70.1,95.3,0,95.3,Medium,Low
STU0202,Charles Smith,Mechanical Eng,1,71.4,5.81,52.0,73.2,1,41.3,High,Medium
STU0203,Michael Gonzalez,Data Science,3,56.6,4.76,41.5,48.4,1,46.5,Low,High
STU0204,Emily Thomas,Electrical Eng,2,100.0,9.78,90.2,99.0,0,83.1,Low,Low
STU0205,Isabella Johnson,Business Admin,1,66.0,6.34,59.3,65.4,1,53.5,Medium,High
STU0206,Joseph Martin,Mechanical Eng,4,93.8,8.23,73.9,99.1,0,83.3,Medium,Low
STU0207,Olivia Moore,Civil Eng,3,68.1,6.25,53.2,64.2,0,39.9,Low,High
STU0208,Alex Smith,Data Science,1,87.4,8.44,81.0,81.0,0,80.5,Medium,Low
STU0209,John Jackson,Data Science,2,87.3,9.41,88.5,87.0,0,88.6,Low,Low
STU0210,Robert Jones,Business Admin,2,72.4,6.39,58.5,67.9,0,66.9,Medium,Medium
STU0211,Olivia Williams,Civil Eng,2,57.9,4.42,42.4,55.6,2,39.7,High,High
STU0212,John Smith,Electrical Eng,2,100.0,10.0,87.4,99.4,0,100.0,Medium,Low
STU0213,Jessica Martinez,Civil Eng,1,98.9,9.2,88.7,96.2,0,81.7,Low,Low
STU0214,Robert Lopez,Electrical Eng,2,84.5,6.89,63.4,91.2,0,52.0,Medium,Medium
STU0215,William Lopez,Civil Eng,2,83.6,7.43,71.8,93.5,0,54.8,Low,Medium
STU0216,Sophia Johnson,Civil Eng,3,63.9,5.69,56.0,69.9,1,38.1,High,High
STU0217,Charles Moore,Computer Science,3,95.5,9.41,95.1,83.1,0,96.4,Low,Low
STU0218,Alex Taylor,Data Science,1,77.3,6.46,61.9,72.8,0,82.4,Medium,Medium
STU0219,Jessica Martinez,Civil Eng,2,65.6,5.61,58.6,64.3,1,52.2,High,High
STU0220,Jane Jackson,Business Admin,1,90.7,8.29,77.1,77.8,0,86.6,High,Low
STU0221,James Miller,Civil Eng,2,82.1,6.55,60.9,75.9,0,66.2,Medium,Medium
STU0222,Emily Moore,Mechanical Eng,3,79.0,6.6,62.3,77.6,0,50.4,High,Medium
STU0223,William Hernandez,Data Science,1,82.3,6.27,63.4,79.2,0,73.7,High,Medium
STU0224,Emily Brown,Mechanical Eng,2,83.7,7.49,74.3,83.7,0,67.5,Medium,Low
STU0225,Emma Jones,Data Science,1,70.2,5.09,49.0,60.5,1,45.6,Medium,High
STU0226,James Williams,Mechanical Eng,1,100.0,10.0,88.9,96.8,0,89.1,Medium,Low
STU0227,Joseph Williams,Civil Eng,2,87.4,8.82,86.9,88.5,0,78.9,Medium,Low
STU0228,Isabella Brown,Civil Eng,2,73.0,6.82,60.5,73.0,0,69.8,Medium,Medium
STU0229,Mia Taylor,Computer Science,4,65.3,6.29,55.2,68.5,1,51.1,Medium,High
STU0230,David Jones,Business Admin,2,74.5,7.68,67.2,77.3,0,75.8,Low,Medium
STU0231,Olivia Taylor,Mechanical Eng,1,83.9,9.14,86.4,81.0,0,90.5,Low,Low
STU0232,William Williams,Electrical Eng,2,90.2,9.07,92.2,91.0,0,83.9,Low,Low
STU0233,James Taylor,Computer Science,1,87.7,8.9,79.7,82.1,1,100.0,Medium,Low
STU0234,Joseph Martin,Mechanical Eng,4,70.3,6.43,69.5,68.4,0,73.1,Low,Medium
STU0235,Isabella Gonzalez,Mechanical Eng,2,48.4,4.0,42.5,41.0,2,34.7,Medium,High
STU0236,Charles Taylor,Computer Science,3,95.9,9.67,84.6,100.0,0,89.2,Medium,Low
STU0237,Emily Lopez,Civil Eng,1,80.1,7.24,66.9,78.2,0,70.3,High,Low
STU0238,James Jackson,Mechanical Eng,2,94.8,8.58,76.3,100.0,0,84.2,Low,Low
STU0239,Olivia Rodriguez,Civil Eng,2,100.0,9.91,97.5,100.0,0,95.1,Low,Low
STU0240,David Wilson,Computer Science,3,100.0,10.0,90.1,93.8,0,100.0,Medium,Low
STU0241,Amelia Jackson,Civil Eng,1,72.6,6.88,57.2,74.4,0,41.0,Medium,Medium
STU0242,Daniel Thomas,Data Science,1,89.7,8.68,80.9,95.3,0,77.8,Low,Low
STU0243,Michael Williams,Electrical Eng,4,98.2,9.9,99.9,97.7,0,98.8,High,Low
STU0244,Olivia Martin,Mechanical Eng,2,70.7,6.23,58.2,71.2,0,48.0,High,Medium
STU0245,Emily Thomas,Business Admin,2,80.3,6.8,66.6,76.5,0,66.1,Medium,Medium
STU0246,David Gonzalez,Electrical Eng,1,68.6,6.04,59.6,68.8,0,56.4,Medium,Medium
STU0247,Emma Miller,Civil Eng,4,89.8,7.26,61.4,91.4,0,66.6,High,Low
STU0248,Sophia Jones,Mechanical Eng,1,75.9,7.32,65.0,71.9,0,77.2,Medium,Medium
STU0249,Alex Hernandez,Civil Eng,3,66.8,6.02,57.2,59.2,0,53.2,Medium,Medium
STU0250,Robert Moore,Data Science,3,71.7,6.18,55.9,80.7,0,47.6,High,Medium
STU0251,Daniel Lopez,Computer Science,1,87.9,9.16,95.5,92.1,0,96.6,Medium,Low
STU0252,James Martinez,Mechanical Eng,3,100.0,9.44,83.5,96.2,0,88.9,Medium,Low
STU0253,Olivia Taylor,Data Science,1,95.6,10.0,90.5,97.2,0,100.0,Medium,Low
STU0254,Sarah Miller,Data Science,1,75.8,6.4,62.3,65.4,0,50.0,Medium,Medium
STU0255,Sophia Gonzalez,Mechanical Eng,3,83.1,9.01,82.5,69.3,0,70.7,Medium,Low
STU0256,Jessica Martinez,Civil Eng,4,86.9,8.16,63.1,94.5,0,66.2,Medium,Low
STU0257,James Moore,Business Admin,2,69.3,6.97,75.9,70.9,0,57.6,Medium,Medium
STU0258,Jane Jones,Data Science,2,92.3,8.3,73.5,91.9,0,69.8,Low,Low
STU0259,Michael Garcia,Electrical Eng,1,70.5,7.4,73.1,72.1,0,63.7,Medium,Medium
STU0260,Charles Davis,Data Science,1,65.3,6.53,55.8,87.8,0,67.8,Medium,Medium
STU0261,Isabella Gonzalez,Business Admin,1,64.1,5.64,49.3,70.2,1,42.2,Medium,High
STU0262,John Martin,Civil Eng,1,74.9,7.37,61.9,67.5,0,56.5,Low,Medium
STU0263,Joseph Miller,Civil Eng,1,87.5,7.79,70.3,75.7,0,68.3,High,Low
STU0264,William Brown,Electrical Eng,2,100.0,10.0,91.8,100.0,0,84.2,Low,Low
STU0265,Emily Garcia,Data Science,1,85.3,6.93,65.1,91.3,0,41.5,High,Low
STU0266,Charles Lopez,Civil Eng,1,71.9,6.57,60.5,75.9,0,53.7,Low,Medium
STU0267,David Martinez,Business Admin,2,99.4,9.57,83.7,93.7,0,89.0,Medium,Low
STU0268,Charles Miller,Mechanical Eng,3,66.8,6.51,59.3,69.4,0,59.8,Low,Medium
STU0269,Alex Gonzalez,Computer Science,1,60.0,4.93,54.0,55.0,1,35.7,High,High
STU0270,William Moore,Computer Science,4,82.7,8.05,83.2,87.3,0,78.5,Medium,Low
STU0271,Amelia Davis,Computer Science,4,75.1,7.75,75.9,82.0,0,84.5,Low,Medium
STU0272,James Miller,Data Science,1,100.0,10.0,98.3,96.2,0,97.8,Medium,Low
STU0273,John Williams,Electrical Eng,3,91.3,8.87,94.5,99.2,0,88.3,Low,Low
STU0274,William Taylor,Civil Eng,2,74.2,7.94,78.3,75.0,0,70.7,Low,Medium
STU0275,John Garcia,Mechanical Eng,2,64.7,6.0,60.2,68.2,1,56.4,High,Medium
STU0276,Sarah Lopez,Business Admin,2,83.3,7.77,66.0,74.1,0,72.2,Medium,Low
STU0277,William Gonzalez,Mechanical Eng,2,94.4,8.99,79.8,96.0,0,91.2,Medium,Low
STU0278,Daniel Thomas,Business Admin,2,75.5,8.49,80.5,70.8,0,83.9,Medium,Low
STU0279,Robert Jones,Data Science,2,64.8,5.93,52.3,68.2,1,48.2,Medium,High
STU0280,Emily Williams,Computer Science,2,80.3,7.76,68.7,90.6,0,75.9,Low,Medium
STU0281,Charles Martin,Data Science,3,85.5,7.06,62.7,87.5,0,79.3,Low,Medium
STU0282,Mia Anderson,Electrical Eng,2,93.9,8.05,69.4,87.6,0,84.6,Medium,Low
STU0283,James Taylor,Electrical Eng,3,70.3,7.15,64.0,74.7,1,55.7,High,Medium
STU0284,Sophia Anderson,Business Admin,1,78.2,7.41,72.1,81.0,0,62.9,Medium,Medium
STU0285,John Williams,Civil Eng,1,79.4,7.24,77.8,93.8,0,69.6,Medium,Low
STU0286,Isabella Hernandez,Civil Eng,3,83.8,8.8,87.6,85.6,1,89.4,Medium,Low
STU0287,Olivia Martinez,Business Admin,1,76.4,6.45,64.5,72.3,0,72.3,High,Medium
STU0288,Isabella Davis,Electrical Eng,1,87.2,6.87,57.2,92.5,0,66.2,Medium,Medium
STU0289,Sarah Lopez,Electrical Eng,1,72.1,5.69,54.6,71.2,1,60.3,Medium,High
STU0290,Jessica Brown,Electrical Eng,1,84.2,8.4,79.5,84.8,1,79.6,High,Low
STU0291,Jessica Moore,Data Science,4,80.9,7.48,72.5,74.4,0,87.3,Low,Medium
STU0292,Michael Rodriguez,Electrical Eng,2,64.5,6.21,57.2,63.6,1,59.9,Low,High
STU0293,Emily Taylor,Mechanical Eng,4,73.8,6.39,69.0,74.1,1,59.7,Medium,Medium
STU0294,James Smith,Computer Science,2,100.0,9.68,92.3,99.1,0,90.0,High,Low
STU0295,Amelia Gonzalez,Electrical Eng,2,53.4,4.46,43.2,49.2,2,32.1,Low,High
STU0296,Isabella Gonzalez,Business Admin,1,76.2,7.94,65.6,78.3,0,80.0,Medium,Low
STU0297,Sophia Williams,Computer Science,2,92.2,9.89,93.4,85.7,1,83.6,Medium,Low
STU0298,Sarah Moore,Data Science,1,43.8,4.0,43.7,35.7,2,18.7,Medium,High
STU0299,Charles Jones,Business Admin,4,87.4,8.15,80.2,92.4,0,94.9,Medium,Low
STU0300,Daniel Johnson,Computer Science,3,73.3,6.88,54.6,77.6,0,79.2,Medium,Medium
STU0301,Emma Moore,Business Admin,1,83.2,7.46,68.7,74.0,0,91.6,Medium,Low
STU0302,William Jones,Data Science,4,77.3,7.05,75.6,64.5,0,78.3,Medium,Medium
STU0303,John Smith,Mechanical Eng,3,86.0,8.23,77.4,78.9,2,100.0,Medium,Medium
STU0304,Mia Anderson,Data Science,3,83.3,7.79,75.6,82.4,1,78.9,Medium,Medium
STU0305,Joseph Hernandez,Data Science,1,79.1,7.26,77.1,87.2,0,64.8,High,Low
STU0306,Joseph Gonzalez,Business Admin,2,66.0,6.23,58.4,64.9,3,48.5,Low,High
STU0307,John Johnson,Civil Eng,2,97.5,9.96,98.6,92.1,0,100.0,High,Low
STU0308,James Williams,Electrical Eng,1,84.8,6.96,68.2,85.9,0,70.6,High,Low
STU0309,John Thomas,Electrical Eng,1,100.0,10.0,98.1,99.2,0,100.0,Medium,Low
STU0310,Sarah Taylor,Mechanical Eng,3,93.2,10.0,96.9,83.5,1,94.5,Medium,Low
STU0311,Michael Jones,Mechanical Eng,1,60.0,4.66,41.5,50.4,1,39.9,Medium,High
STU0312,Sarah Williams,Electrical Eng,2,75.8,6.34,58.0,66.3,1,63.2,Low,High
STU0313,Michael Jones,Civil Eng,4,63.6,5.49,47.9,80.9,1,46.0,Medium,High
STU0314,Emma Martinez,Electrical Eng,4,76.6,7.39,62.0,82.6,0,71.3,Low,Medium
STU0315,Charles Taylor,Civil Eng,1,79.0,7.34,75.9,74.8,0,84.9,Medium,Low
STU0316,Sophia Rodriguez,Mechanical Eng,4,81.0,7.68,73.0,88.8,0,56.4,High,Low
STU0317,Sophia Smith,Computer Science,1,98.2,9.61,97.3,94.2,0,73.5,Medium,Low
STU0318,Charles Gonzalez,Business Admin,1,97.4,9.29,96.1,100.0,0,97.8,High,Low
STU0319,William Brown,Mechanical Eng,2,95.8,9.12,86.9,96.4,0,95.4,Medium,Low
STU0320,John Taylor,Mechanical Eng,2,68.4,5.76,48.2,63.8,1,57.7,High,High
STU0321,Jessica Johnson,Data Science,2,68.7,6.31,59.0,73.5,1,42.3,Medium,Medium
STU0322,Jessica Miller,Data Science,2,84.8,7.26,65.6,85.8,0,81.5,Low,Medium
STU0323,Jane Williams,Data Science,1,81.1,8.45,70.4,83.9,0,69.9,Medium,Low
STU0324,Mia Lopez,Business Admin,1,82.9,6.78,61.9,84.4,0,64.4,Low,Medium
STU0325,John Lopez,Data Science,2,60.7,5.48,51.7,62.1,1,52.4,Medium,High
STU0326,Michael Taylor,Civil Eng,3,86.6,9.0,82.3,92.2,0,74.9,High,Low
STU0327,Isabella Anderson,Electrical Eng,2,83.6,6.73,60.0,100.0,0,57.1,Low,Medium
STU0328,Daniel Jones,Computer Science,1,72.8,6.43,54.7,81.5,0,56.8,Medium,Medium
STU0329,Sophia Johnson,Mechanical Eng,2,80.1,7.06,68.0,81.6,0,84.0,Medium,Low
STU0330,Robert Jackson,Civil Eng,1,80.2,7.02,76.1,78.0,0,75.7,High,Low
STU0331,David Garcia,Computer Science,1,76.7,7.17,74.5,75.3,0,69.1,Medium,Medium
STU0332,Jane Garcia,Civil Eng,3,65.9,5.31,53.8,57.1,2,33.3,Medium,High
STU0333,Mia Johnson,Civil Eng,1,78.4,6.87,68.6,83.0,0,72.9,Medium,Medium
STU0334,Mia Anderson,Mechanical Eng,1,81.9,7.59,71.5,74.8,1,84.7,Medium,Medium
STU0335,Charles Johnson,Electrical Eng,3,84.9,8.61,72.7,82.3,1,63.7,Medium,Low
STU0336,Amelia Garcia,Data Science,2,87.7,9.54,88.8,92.4,1,86.3,High,Low
STU0337,John Anderson,Business Admin,2,75.1,6.7,58.8,73.5,1,67.5,Medium,Medium
STU0338,Emma Jackson,Electrical Eng,1,71.5,5.39,52.0,68.1,1,55.4,High,High
STU0339,Joseph Jones,Business Admin,1,68.0,7.14,74.0,59.6,0,60.9,Low,Medium
STU0340,Emily Martinez,Mechanical Eng,1,79.5,7.13,77.6,87.9,0,60.9,Medium,Low
STU0341,Joseph Martinez,Mechanical Eng,1,71.8,6.54,62.5,66.0,0,68.2,High,Medium
STU0342,Joseph Martin,Mechanical Eng,3,81.9,7.83,66.0,77.8,0,73.7,Low,Medium
STU0343,Michael Johnson,Computer Science,3,69.4,7.07,67.5,56.9,0,72.5,High,Medium
STU0344,Sarah Johnson,Business Admin,3,65.9,4.92,47.2,65.8,2,54.4,Medium,High
STU0345,William Hernandez,Electrical Eng,3,73.6,7.04,70.2,71.3,1,67.6,Medium,Medium
STU0346,Robert Thomas,Electrical Eng,2,89.5,8.07,76.6,90.7,0,81.7,High,Low
STU0347,Robert Jackson,Civil Eng,3,84.4,7.99,76.2,76.1,0,71.5,Medium,Low
STU0348,Daniel Thomas,Civil Eng,2,96.2,8.37,76.3,100.0,1,80.3,Low,Low
STU0349,Robert Thomas,Civil Eng,2,88.4,7.92,73.6,75.5,0,73.7,Medium,Low
STU0350,Jessica Brown,Mechanical Eng,2,78.4,6.77,66.9,77.8,0,75.8,Medium,Medium
STU0351,Jessica Brown,Electrical Eng,1,84.0,8.81,73.7,84.8,0,79.8,High,Low
STU0352,Alex Williams,Business Admin,2,78.0,7.58,70.5,78.4,0,67.9,Medium,Medium
STU0353,Mia Jackson,Mechanical Eng,4,80.2,8.07,80.1,81.3,0,61.4,Medium,Low
STU0354,Charles Jones,Computer Science,1,69.6,6.28,67.9,75.1,1,43.1,Medium,Medium
STU0355,Mia Martinez,Civil Eng,1,79.5,7.56,69.8,88.8,0,73.1,Medium,Low
STU0356,Sarah Smith,Mechanical Eng,2,81.3,8.02,82.2,80.3,0,69.9,Medium,Low
STU0357,Michael Rodriguez,Mechanical Eng,3,85.0,7.9,83.5,78.2,0,80.4,Medium,Low
STU0358,Olivia Wilson,Computer Science,2,60.4,5.24,47.9,64.3,1,37.5,High,High
STU0359,Jane Taylor,Data Science,3,82.8,7.14,65.0,80.8,1,84.2,Medium,Medium
STU0360,Sophia Gonzalez,Electrical Eng,1,61.6,5.65,52.7,70.4,1,53.7,Medium,High
STU0361,James Anderson,Business Admin,2,85.6,7.15,67.5,81.4,0,73.4,Low,Medium
STU0362,Daniel Hernandez,Data Science,1,76.5,6.13,63.7,70.5,0,72.9,Low,Medium
STU0363,Isabella Taylor,Civil Eng,3,100.0,10.0,91.1,100.0,0,100.0,Low,Low
STU0364,Emily Smith,Mechanical Eng,2,83.0,7.79,81.7,70.8,0,68.0,Low,Medium
STU0365,Jessica Taylor,Computer Science,1,91.8,8.89,80.4,88.5,0,82.6,Medium,Low
STU0366,Alex Martin,Computer Science,1,100.0,10.0,88.7,97.7,0,85.9,Medium,Low
STU0367,Daniel Anderson,Electrical Eng,1,73.6,5.71,56.9,75.1,1,66.3,Medium,Medium
STU0368,Sophia Wilson,Data Science,2,89.2,7.74,79.7,82.2,0,74.2,High,Low
STU0369,Jane Gonzalez,Electrical Eng,1,57.9,5.24,50.6,51.8,2,36.4,High,High
STU0370,Sophia Jackson,Mechanical Eng,2,86.0,7.73,75.6,94.1,1,65.7,High,Low
STU0371,David Williams,Electrical Eng,2,100.0,10.0,100.0,99.9,0,100.0,Medium,Low
STU0372,Daniel Wilson,Business Admin,1,70.7,6.66,69.5,76.7,0,73.5,Medium,Medium
STU0373,Robert Anderson,Computer Science,1,66.5,6.59,62.7,62.7,0,56.9,Medium,Medium
STU0374,William Moore,Computer Science,1,76.8,7.62,70.2,76.4,0,60.8,Low,Medium
STU0375,Sarah Williams,Civil Eng,4,97.0,10.0,100.0,98.5,0,89.3,Medium,Low
STU0376,Charles Anderson,Civil Eng,1,89.9,8.57,85.6,100.0,0,92.9,High,Low
STU0377,Michael Martinez,Mechanical Eng,3,69.3,5.83,57.5,67.8,0,60.0,High,Medium
STU0378,David Taylor,Business Admin,3,98.4,9.39,87.6,97.3,0,89.2,Low,Low
STU0379,David Lopez,Data Science,2,62.2,4.48,42.2,69.9,1,40.6,Medium,High
STU0380,Joseph Gonzalez,Electrical Eng,4,100.0,10.0,94.3,97.3,0,100.0,High,Low
STU0381,Amelia Brown,Mechanical Eng,2,91.6,8.88,82.8,93.6,0,88.0,Low,Low
STU0382,Emma Williams,Civil Eng,4,100.0,10.0,92.0,100.0,0,89.3,Medium,Low
STU0383,James Gonzalez,Electrical Eng,1,57.8,5.05,49.3,53.8,1,36.1,High,High
STU0384,Mia Anderson,Civil Eng,1,84.1,8.04,73.2,86.5,0,63.8,Medium,Low
STU0385,Emily Anderson,Electrical Eng,3,78.8,7.75,74.5,91.0,0,64.2,Low,Medium
STU0386,Jane Anderson,Data Science,4,64.8,5.54,42.1,71.2,1,49.4,Medium,High
STU0387,Jessica Davis,Mechanical Eng,3,65.9,5.68,51.0,67.9,1,63.5,High,Medium
STU0388,Joseph Lopez,Electrical Eng,1,84.6,7.88,80.4,83.1,0,73.6,Medium,Low
STU0389,Charles Martinez,Business Admin,1,90.7,8.46,75.9,86.4,0,69.0,Low,Low
STU0390,James Jones,Computer Science,4,94.4,9.51,93.4,87.5,0,80.0,Medium,Low
STU0391,Sarah Martin,Business Admin,1,67.5,6.58,58.5,78.1,1,61.0,Medium,Medium
STU0392,Jane Gonzalez,Business Admin,3,79.6,7.36,73.8,88.8,0,53.3,Medium,Medium
STU0393,Sarah Jones,Computer Science,3,64.6,5.7,52.7,60.0,0,48.8,Medium,High
STU0394,John Garcia,Business Admin,2,93.1,9.5,88.6,95.4,1,82.4,Low,Low
STU0395,Sarah Thomas,Electrical Eng,2,84.6,7.79,74.3,85.4,0,80.3,High,Low
STU0396,Emily Hernandez,Electrical Eng,2,92.2,8.43,73.4,100.0,0,81.8,Low,Low
STU0397,James Williams,Electrical Eng,1,84.7,9.72,97.2,87.4,0,98.3,Medium,Low
STU0398,Charles Davis,Computer Science,4,94.2,9.31,95.0,94.1,0,90.1,Low,Low
STU0399,Michael Brown,Business Admin,2,69.3,5.9,54.3,65.5,1,32.5,Medium,High
STU0400,Sarah Johnson,Computer Science,4,84.6,8.83,86.5,87.0,0,92.1,Medium,Low
STU0401,Amelia Hernandez,Electrical Eng,1,82.9,7.39,74.1,80.5,0,73.6,Medium,Low
STU0402,Emily Anderson,Business Admin,4,100.0,10.0,94.5,100.0,0,100.0,Low,Low
STU0403,Sarah Taylor,Business Admin,2,64.5,6.1,52.4,64.0,1,49.5,Medium,High
STU0404,Sarah Jackson,Civil Eng,1,89.9,9.04,93.9,87.3,0,87.2,Low,Low
STU0405,Jane Anderson,Civil Eng,1,90.1,7.92,73.3,83.3,0,76.7,Medium,Low
STU0406,Robert Davis,Data Science,3,91.3,7.88,71.8,94.9,0,72.6,High,Low
STU0407,Charles Gonzalez,Mechanical Eng,3,83.3,7.51,79.5,83.6,0,56.9,Medium,Low
STU0408,Olivia Jones,Civil Eng,3,95.1,9.5,93.3,100.0,0,100.0,Medium,Low
STU0409,Sarah Brown,Computer Science,1,81.0,7.51,72.7,73.7,0,80.6,Medium,Low
STU0410,Charles Martin,Civil Eng,1,64.5,5.16,44.2,68.8,1,50.5,Low,High
STU0411,John Martin,Data Science,2,95.0,8.98,89.3,94.4,0,98.8,Medium,Low
STU0412,Joseph Lopez,Business Admin,2,84.4,9.18,100.0,99.1,0,90.7,Medium,Low
STU0413,Daniel Smith,Data Science,2,92.2,8.95,89.4,96.0,0,73.4,Medium,Low
STU0414,Sophia Garcia,Business Admin,4,73.2,5.66,56.2,75.5,0,63.1,Low,Medium
STU0415,Michael Hernandez,Business Admin,4,72.0,5.79,58.6,71.4,1,62.2,High,Medium
STU0416,Emily Gonzalez,Mechanical Eng,4,52.0,4.48,40.9,47.1,1,36.7,Medium,High
STU0417,Robert Williams,Civil Eng,3,82.3,8.63,80.3,84.5,1,83.2,High,Low
STU0418,John Garcia,Computer Science,2,54.5,5.71,52.5,44.8,1,47.8,Medium,High
STU0419,Mia Martinez,Computer Science,2,67.4,4.5,39.8,58.0,2,45.9,Medium,High
STU0420,Michael Martinez,Electrical Eng,2,93.5,9.84,91.7,100.0,0,93.9,Low,Low
STU0421,Olivia Johnson,Business Admin,3,100.0,9.0,83.7,87.7,0,92.5,Low,Low
STU0422,William Davis,Computer Science,1,85.8,7.26,67.7,83.5,0,59.8,High,Low
STU0423,Jane Martin,Mechanical Eng,2,73.9,7.36,68.5,66.5,1,70.9,Low,Medium
STU0424,John Jones,Business Admin,1,47.6,4.0,39.2,44.8,2,50.0,High,High
STU0425,James Taylor,Mechanical Eng,2,93.3,9.44,90.1,94.6,0,82.3,Medium,Low
STU0426,James Hernandez,Computer Science,4,62.9,6.73,64.7,69.8,1,61.2,Low,High
STU0427,Daniel Garcia,Computer Science,3,81.8,8.53,88.7,90.3,0,91.1,Low,Low
STU0428,Alex Taylor,Electrical Eng,1,47.4,4.0,38.4,41.0,2,37.8,Low,High
STU0429,Michael Lopez,Computer Science,4,100.0,9.18,98.3,96.7,0,72.9,High,Low
STU0430,Mia Wilson,Business Admin,3,71.8,5.58,54.7,100.0,1,52.3,Medium,Medium
STU0431,Robert Rodriguez,Business Admin,1,62.1,5.0,45.3,60.3,1,54.9,Medium,High
STU0432,Jane Lopez,Business Admin,1,72.8,5.92,63.0,66.6,0,68.3,Medium,Medium
STU0433,Alex Williams,Electrical Eng,1,77.3,6.88,65.0,72.3,0,62.4,Low,Medium
STU0434,John Davis,Electrical Eng,1,90.4,9.19,75.3,88.7,0,100.0,Medium,Low
STU0435,Jessica Hernandez,Computer Science,4,74.7,6.66,63.3,72.0,0,58.8,Low,Medium
STU0436,James Jones,Data Science,2,93.2,9.21,86.3,91.5,0,89.8,High,Low
STU0437,Sophia Williams,Data Science,4,76.4,7.91,83.2,76.2,1,59.2,Medium,Medium
STU0438,Michael Jones,Electrical Eng,1,85.8,8.34,74.8,85.6,0,92.7,Medium,Low
STU0439,Charles Wilson,Computer Science,1,77.5,6.99,64.7,70.8,0,63.6,Medium,Medium
STU0440,Emily Gonzalez,Data Science,2,93.9,8.96,91.5,96.5,3,97.5,Medium,Low
STU0441,Emma Moore,Computer Science,1,65.1,5.59,55.0,65.9,1,60.3,High,High
STU0442,Jessica Davis,Computer Science,2,80.9,7.43,69.7,84.4,0,90.5,Medium,Low
STU0443,David Davis,Computer Science,4,72.8,6.65,59.4,60.8,0,69.2,Low,Medium
STU0444,Sophia Jackson,Civil Eng,2,100.0,9.98,96.6,100.0,0,88.1,Medium,Low
STU0445,Sarah Smith,Business Admin,2,100.0,10.0,94.9,86.1,0,96.1,Low,Low
STU0446,Daniel Smith,Computer Science,1,79.3,8.06,72.7,78.1,0,63.9,Low,Medium
STU0447,Joseph Smith,Civil Eng,1,65.8,5.55,49.1,70.4,1,53.2,High,High
STU0448,Daniel Johnson,Electrical Eng,1,83.3,8.25,74.3,90.6,0,74.8,Medium,Low
STU0449,Sophia Davis,Data Science,2,45.8,4.55,38.3,48.1,1,44.5,High,High
STU0450,Jessica Jackson,Business Admin,1,99.6,9.37,93.7,100.0,1,87.2,Medium,Low
STU0451,David Jackson,Data Science,2,75.9,6.66,67.3,73.8,1,65.3,Medium,Medium
STU0452,Sarah Garcia,Business Admin,2,71.6,7.06,71.8,68.0,0,76.1,Low,Medium
STU0453,Alex Miller,Data Science,2,74.3,6.31,60.0,93.2,1,46.6,Low,Medium
STU0454,Charles Davis,Business Admin,1,67.8,6.03,56.1,73.6,1,51.0,High,Medium
STU0455,Emma Martin,Data Science,1,90.5,8.61,80.7,82.3,0,82.4,Medium,Low
STU0456,Daniel Anderson,Data Science,4,76.8,6.82,69.9,64.7,0,48.8,High,Medium
STU0457,John Martin,Data Science,3,86.8,7.69,64.0,83.5,0,84.6,Medium,Low
STU0458,David Brown,Data Science,2,69.1,5.71,51.7,77.4,1,49.3,Low,High
STU0459,Sarah Smith,Electrical Eng,1,95.3,7.94,71.0,95.6,0,75.3,Medium,Low
STU0460,Michael Smith,Computer Science,4,96.9,8.6,88.5,81.3,0,82.7,Medium,Low
STU0461,Emily Johnson,Mechanical Eng,3,71.9,7.04,64.5,70.7,0,68.0,Low,Medium
STU0462,Emma Jones,Civil Eng,1,91.5,9.8,85.0,91.5,0,83.0,High,Low
STU0463,Emma Smith,Mechanical Eng,4,81.0,6.43,62.2,64.1,0,76.3,Medium,Medium
STU0464,Sarah Gonzalez,Mechanical Eng,1,87.5,8.31,77.1,87.7,1,84.9,Low,Medium
STU0465,Daniel Brown,Business Admin,2,59.3,5.11,45.7,52.2,2,39.0,Medium,High
STU0466,William Martin,Computer Science,2,90.7,8.6,78.4,77.8,0,71.1,High,Low
STU0467,Daniel Davis,Business Admin,1,75.2,6.86,61.7,86.4,0,53.8,Low,Medium
STU0468,Michael Anderson,Computer Science,4,77.0,7.32,73.1,69.6,0,62.3,High,Low
STU0469,Emily Lopez,Computer Science,3,77.2,8.04,77.5,72.5,0,74.8,Low,Medium
STU0470,William Johnson,Data Science,2,92.4,8.34,78.3,87.7,0,65.3,Medium,Low
STU0471,Charles Jackson,Electrical Eng,1,86.5,8.78,77.9,86.5,0,93.7,Medium,Low
STU0472,Emily Brown,Data Science,1,66.4,6.23,58.3,78.8,0,62.1,Medium,Medium
STU0473,Robert Jones,Electrical Eng,1,78.0,8.57,82.7,69.6,0,67.7,Medium,Low
STU0474,Amelia Hernandez,Business Admin,3,91.7,8.55,82.7,89.5,0,79.3,Medium,Low
STU0475,Emma Davis,Electrical Eng,1,62.1,5.72,55.2,62.9,0,57.3,Medium,Medium
STU0476,Sarah Garcia,Business Admin,2,75.4,6.4,56.2,69.3,0,57.7,Medium,Medium
STU0477,Jessica Anderson,Mechanical Eng,3,75.4,6.53,50.0,73.1,0,66.9,Low,Medium
STU0478,Sophia Hernandez,Mechanical Eng,1,66.9,5.42,60.5,71.0,1,50.7,High,High
STU0479,Olivia Gonzalez,Electrical Eng,3,72.0,5.97,50.1,66.7,1,58.4,Medium,High
STU0480,Jessica Moore,Electrical Eng,1,94.1,9.21,77.6,91.7,0,94.5,High,Low
STU0481,John Anderson,Business Admin,4,88.6,9.72,93.0,85.6,1,84.8,Low,Low
STU0482,Jessica Hernandez,Data Science,2,91.2,8.24,69.8,90.5,1,75.5,Medium,Low
STU0483,Olivia Lopez,Business Admin,1,79.4,7.33,65.6,81.1,0,63.4,Medium,Medium
STU0484,Emily Thomas,Data Science,1,94.0,9.03,88.5,98.1,0,89.1,Medium,Low
STU0485,Emily Jones,Mechanical Eng,2,46.3,4.0,46.9,59.8,2,49.1,Medium,High
STU0486,Michael Davis,Computer Science,3,73.8,6.35,62.3,55.1,1,51.0,Low,High
STU0487,Emma Taylor,Electrical Eng,3,49.8,4.0,35.8,48.7,3,30.8,Medium,High
STU0488,James Jackson,Data Science,2,62.4,6.14,58.0,52.9,0,59.3,Medium,Medium
STU0489,Sophia Davis,Business Admin,1,70.6,6.26,50.5,67.9,0,49.8,Low,High
STU0490,James Hernandez,Mechanical Eng,1,97.4,9.78,90.6,100.0,0,100.0,Medium,Low
STU0491,John Wilson,Data Science,1,41.5,4.0,35.8,49.9,2,40.2,Medium,High
STU0492,Michael Wilson,Business Admin,2,70.5,7.12,68.4,79.2,0,55.8,Low,Medium
STU0493,Emily Smith,Electrical Eng,4,82.6,8.63,91.7,91.2,0,66.6,High,Low
STU0494,Charles Davis,Electrical Eng,2,80.1,7.67,63.2,78.9,0,66.9,High,Low
STU0495,Daniel Anderson,Civil Eng,1,95.6,10.0,93.0,100.0,0,82.8,Medium,Low
STU0496,James Rodriguez,Computer Science,2,75.0,7.22,59.4,86.2,0,78.8,Low,Medium
STU0497,Emma Martin,Civil Eng,3,81.0,8.3,76.3,82.0,0,88.0,Medium,Low
STU0498,James Williams,Mechanical Eng,3,63.2,4.22,35.8,71.4,2,48.7,Medium,High
STU0499,Amelia Hernandez,Data Science,4,72.3,6.04,49.9,72.5,0,53.3,Medium,Medium
STU0500,Sarah Johnson,Mechanical Eng,1,53.4,4.23,44.8,63.2,2,46.0,Medium,High
STU0501,David Moore,Business Admin,1,91.7,8.88,85.7,90.5,0,71.6,Medium,Low
STU0502,Jane Taylor,Electrical Eng,4,74.4,8.2,81.8,70.1,0,84.0,Medium,Low
STU0503,Robert Lopez,Civil Eng,3,95.9,8.43,77.5,88.1,0,78.2,Medium,Low
STU0504,Charles Miller,Civil Eng,1,75.9,6.39,60.3,74.7,0,63.0,Medium,Medium
STU0505,Amelia Garcia,Civil Eng,3,65.5,6.18,66.7,66.1,0,49.6,High,Medium
STU0506,John Taylor,Mechanical Eng,3,84.4,8.33,79.1,77.8,0,71.8,Medium,Low
STU0507,Robert Moore,Electrical Eng,2,65.0,6.26,63.5,63.2,1,65.8,Medium,Medium
STU0508,Joseph Miller,Data Science,3,68.1,5.72,51.2,64.4,1,66.2,High,Medium
STU0509,Joseph Martin,Business Admin,2,73.0,6.94,69.5,65.4,0,57.5,Medium,Medium
STU0510,James Taylor,Data Science,2,67.9,5.6,50.5,75.1,1,66.3,Medium,High
STU0511,Amelia Davis,Mechanical Eng,2,67.3,6.44,51.7,75.7,0,51.3,Medium,Medium
STU0512,Joseph Miller,Business Admin,3,62.5,5.22,49.5,69.7,1,68.6,Medium,High
STU0513,John Gonzalez,Civil Eng,3,79.7,7.93,73.0,79.1,0,73.4,High,Low
STU0514,Charles Jackson,Computer Science,3,94.4,10.0,86.9,94.2,0,98.5,Medium,Low
STU0515,Joseph Gonzalez,Mechanical Eng,1,72.3,7.06,68.0,64.9,0,70.7,High,Medium
STU0516,Isabella Davis,Mechanical Eng,3,87.0,8.23,73.8,89.9,0,94.2,Low,Low
STU0517,Charles Moore,Electrical Eng,3,81.8,8.65,97.7,83.0,0,79.9,Low,Low
STU0518,John Wilson,Data Science,3,78.3,7.93,68.0,98.2,0,71.4,Medium,Low
STU0519,Charles Anderson,Mechanical Eng,3,74.0,6.43,55.0,81.7,2,62.4,Medium,High
STU0520,Mia Johnson,Mechanical Eng,3,100.0,10.0,99.3,100.0,2,100.0,Low,Low
STU0521,Joseph Moore,Civil Eng,2,74.9,6.49,60.9,74.6,0,57.4,Medium,Medium
STU0522,Sarah Jackson,Civil Eng,2,92.4,8.2,82.2,99.4,1,71.0,Medium,Low
STU0523,Emily Smith,Business Admin,1,96.0,8.5,82.7,89.6,0,73.7,Low,Low
STU0524,Jessica Miller,Computer Science,2,55.7,4.0,35.1,63.7,2,47.7,High,High
STU0525,Alex Martinez,Electrical Eng,2,68.4,6.36,53.5,60.8,0,50.6,Low,High
STU0526,Emma Jackson,Computer Science,3,82.0,6.83,70.2,78.1,1,68.9,Medium,Medium
STU0527,Sophia Johnson,Business Admin,1,78.3,7.71,66.8,65.4,0,80.0,Medium,Medium
STU0528,John Moore,Civil Eng,1,78.8,8.5,83.6,83.1,0,73.8,High,Low
STU0529,David Davis,Data Science,3,89.6,8.51,85.5,91.3,0,98.8,Low,Low
STU0530,John Williams,Civil Eng,1,84.2,8.0,75.4,80.3,0,55.9,High,Low
STU0531,Jessica Anderson,Electrical Eng,1,80.1,8.38,78.1,73.6,0,67.6,Medium,Low
STU0532,Michael Williams,Civil Eng,1,85.8,7.14,62.9,95.5,0,50.8,Medium,Medium
STU0533,Charles Smith,Electrical Eng,1,62.8,5.37,53.3,61.9,1,70.7,Medium,High
STU0534,Daniel Davis,Electrical Eng,1,79.2,7.91,59.9,73.8,0,62.9,High,Low
STU0535,Jane Williams,Electrical Eng,2,90.9,8.69,86.1,100.0,0,65.3,Medium,Low
STU0536,Sophia Wilson,Business Admin,2,91.4,8.66,82.8,86.8,0,81.7,Medium,Low
STU0537,Robert Thomas,Electrical Eng,4,77.6,7.82,73.1,85.5,0,66.9,Medium,Low
STU0538,Emily Martin,Electrical Eng,2,100.0,9.87,95.0,91.9,0,85.2,Medium,Low
STU0539,Michael Wilson,Data Science,3,81.9,7.74,66.7,79.4,1,76.6,High,Medium
STU0540,Isabella Moore,Computer Science,1,94.1,7.85,62.5,97.6,0,89.4,Low,Low
STU0541,David Martinez,Mechanical Eng,1,84.9,8.64,84.5,84.5,0,82.7,High,Low
STU0542,David Smith,Computer Science,3,71.9,6.89,72.0,73.6,0,66.9,Low,Medium
STU0543,Charles Thomas,Electrical Eng,1,93.0,8.77,74.6,89.3,0,76.2,Low,Low
STU0544,Charles Brown,Data Science,2,70.4,6.59,57.3,59.2,1,43.8,Low,High
STU0545,Mia Johnson,Civil Eng,2,82.0,8.0,79.8,92.3,0,60.5,Medium,Low
STU0546,John Anderson,Data Science,2,88.7,8.55,83.0,85.4,0,75.7,Medium,Low
STU0547,Michael Martin,Electrical Eng,1,87.8,9.42,100.0,89.9,0,86.4,Low,Low
STU0548,Robert Martinez,Data Science,1,90.4,8.8,89.0,95.3,0,78.8,Low,Low
STU0549,Jane Williams,Data Science,2,93.4,10.0,99.2,95.6,0,71.5,High,Low
STU0550,Olivia Martin,Electrical Eng,1,76.9,6.78,60.6,72.0,0,70.1,High,Medium
STU0551,Michael Jones,Business Admin,3,71.7,6.46,64.0,79.8,1,77.9,High,Medium
STU0552,Sarah Rodriguez,Data Science,3,77.1,7.33,77.1,80.6,0,65.0,High,Low
STU0553,Jane Lopez,Mechanical Eng,4,82.9,8.41,79.1,84.3,0,69.4,Medium,Low
STU0554,Alex Martin,Mechanical Eng,1,56.0,4.53,42.4,57.2,1,42.4,Low,High
STU0555,Olivia Taylor,Data Science,3,90.8,9.02,86.4,100.0,0,81.1,Medium,Low
STU0556,Emma Wilson,Business Admin,2,80.6,8.27,75.3,75.5,0,61.3,Medium,Low
STU0557,Joseph Moore,Civil Eng,2,72.7,6.47,62.8,75.6,0,67.4,Medium,Medium
STU0558,Charles Taylor,Electrical Eng,1,44.5,4.0,39.2,40.8,2,40.0,Medium,High
STU0559,Sophia Rodriguez,Mechanical Eng,3,79.8,7.97,83.2,66.2,0,68.3,Low,Medium
STU0560,Jessica Johnson,Civil Eng,1,85.7,7.25,68.0,71.9,0,51.2,Medium,Medium
STU0561,William Miller,Data Science,2,67.4,5.8,58.4,60.3,0,59.4,Medium,Medium
STU0562,James Hernandez,Civil Eng,1,79.4,6.45,60.5,74.8,0,76.4,Medium,Medium
STU0563,Sophia Brown,Computer Science,3,90.3,8.14,80.5,100.0,0,67.6,Medium,Low
STU0564,William Johnson,Mechanical Eng,3,68.2,6.86,64.0,73.1,0,59.8,Medium,Medium
STU0565,Michael Hernandez,Data Science,3,86.9,8.41,82.7,92.4,0,71.6,Low,Low
STU0566,Sarah Moore,Electrical Eng,1,81.5,7.4,73.9,77.1,0,62.6,Low,Medium
STU0567,Emma Brown,Business Admin,1,81.2,7.74,68.2,81.7,0,67.0,High,Low
STU0568,James Garcia,Data Science,2,94.3,9.86,99.2,100.0,0,95.9,Medium,Low
STU0569,Jane Taylor,Electrical Eng,2,71.2,7.02,65.9,62.7,0,64.2,Low,Medium
STU0570,Michael Garcia,Business Admin,1,81.6,8.91,82.3,84.8,0,78.1,High,Low
STU0571,Olivia Martinez,Business Admin,3,86.3,8.67,78.8,97.6,1,74.0,Low,Low
STU0572,Sarah Davis,Data Science,4,92.2,7.83,75.8,99.0,0,82.6,Medium,Low
STU0573,Jane Lopez,Civil Eng,3,78.2,7.94,75.4,90.8,0,72.3,Low,Medium
STU0574,William Miller,Civil Eng,3,64.8,6.91,67.5,66.3,0,72.5,Medium,Medium
STU0575,Emma Gonzalez,Business Admin,4,74.8,8.15,79.3,79.0,0,73.1,Medium,Low
STU0576,Joseph Wilson,Civil Eng,1,76.4,6.06,60.6,77.2,1,64.4,Low,High
STU0577,Jane Hernandez,Computer Science,2,100.0,10.0,100.0,100.0,0,92.9,High,Low
STU0578,John Jackson,Business Admin,4,92.9,9.08,86.4,86.5,1,76.0,Medium,Low
STU0579,Emily Jackson,Business Admin,1,64.9,5.49,48.5,70.4,1,52.5,Medium,High
STU0580,Robert Davis,Electrical Eng,3,69.8,5.6,43.1,71.8,1,43.5,Low,High
STU0581,Robert Brown,Civil Eng,2,74.8,7.29,63.3,75.3,1,68.9,Medium,Medium
STU0582,Joseph Miller,Business Admin,2,75.4,7.4,76.5,87.6,0,70.9,Low,Medium
STU0583,Jessica Williams,Computer Science,3,75.2,7.35,73.4,73.3,0,79.9,Medium,Medium
STU0584,Jane Anderson,Electrical Eng,4,86.5,8.56,74.6,94.9,0,81.1,High,Low
STU0585,Michael Smith,Data Science,3,78.8,8.3,91.1,87.9,0,81.6,Medium,Low
STU0586,Emily Anderson,Business Admin,1,81.9,8.09,78.5,87.9,0,80.5,Low,Low
STU0587,Amelia Jackson,Computer Science,4,97.2,9.96,96.9,90.5,0,88.6,Low,Low
STU0588,Alex Martin,Mechanical Eng,1,61.5,6.02,68.5,64.0,0,66.0,Low,High
STU0589,Robert Taylor,Computer Science,2,80.4,7.46,79.6,94.2,0,66.9,Medium,Low
STU0590,William Hernandez,Computer Science,2,75.1,6.05,61.4,62.3,2,62.0,Medium,High
STU0591,Jane Rodriguez,Electrical Eng,2,100.0,9.85,97.7,98.7,0,100.0,Low,Low
STU0592,Jane Rodriguez,Data Science,2,60.0,4.34,45.8,68.2,1,48.3,Medium,High
STU0593,James Davis,Mechanical Eng,4,57.8,4.52,41.8,57.0,1,37.6,High,High
STU0594,Joseph Smith,Civil Eng,3,77.4,7.83,75.8,83.0,0,82.5,Medium,Low
STU0595,Robert Davis,Civil Eng,2,91.7,9.51,93.2,100.0,1,85.1,High,Low
STU0596,Emma Miller,Computer Science,1,87.9,9.67,91.2,89.5,0,77.7,Medium,Low
STU0597,Alex Williams,Electrical Eng,4,67.1,6.47,56.7,70.7,0,48.3,Medium,Medium
STU0598,Mia Jones,Electrical Eng,4,99.8,10.0,93.7,100.0,0,98.4,Medium,Low
STU0599,Olivia Lopez,Civil Eng,3,57.3,5.29,45.3,59.3,2,58.2,Medium,High
STU0600,Charles Garcia,Mechanical Eng,1,100.0,9.11,86.9,100.0,0,85.1,Low,Low
